stamp_index,class,stamp_real,stamp_imag,stamp_frequency_hz,veragrid_index,veragrid_real,veragrid_imag,veragrid_frequency_hz,absolute_error,scaled_error,status
1,slow_control_or_electromechanical,-0.197765415744973,0.0,0.0,8,-0.23116867742678746,0.0,0.0,0.033403261681814456,0.033403261681814456,matched
2,slow_control_or_electromechanical,-0.800246515546164,0.0,0.0,9,-0.8001452677735726,0.0,0.0,0.00010124777259135076,0.00010124777259135076,matched
3,slow_control_or_electromechanical,-0.800364689945292,0.0,0.0,10,-0.8003585407878666,0.0,0.0,6.1491574253613734e-06,6.1491574253613734e-06,matched
4,slow_control_or_electromechanical,-1.03242132477207,0.810872580146713,0.12905437934802846,11,-0.9209031157645424,0.8218237727623461,0.13079731578555792,0.11205462757044568,0.08535632874945606,matched
5,slow_control_or_electromechanical,-1.03242132477207,-0.810872580146713,0.12905437934802846,12,-0.9209031157645424,-0.8218237727623461,0.13079731578555792,0.11205462757044568,0.08535632874945606,matched
6,fast_electrical,-1.04658356553571,314.142184000588,49.997281417377295,,,,,,,unmatched_stamp
7,fast_electrical,-1.04658356553571,-314.142184000588,49.997281417377295,,,,,,,unmatched_stamp
8,fast_electrical,-1.1885715725865,314.159649603372,50.000061154394444,27,-23.36978418431167,348.98680692215544,55.542975395517914,41.29088373762238,0.1314318636452883,matched
9,fast_electrical,-1.1885715725865,-314.159649603372,50.000061154394444,28,-23.36978418431167,-348.98680692215544,55.542975395517914,41.29088373762238,0.1314318636452883,matched
10,slow_control_or_electromechanical,-1.62428576820382,0.0,0.0,13,-1.439991151966302,0.0,0.0,0.18429461623751808,0.11346194114679471,matched
11,slow_control_or_electromechanical,-1.99515649342989,1.73752428384708,0.2765355785164682,14,-1.4902372389503116,1.1153346005361546,0.17751101487675353,0.8012886218852497,0.30286641827346683,matched
12,slow_control_or_electromechanical,-1.99515649342989,-1.73752428384708,0.2765355785164682,15,-1.4902372389503116,-1.1153346005361546,0.17751101487675353,0.8012886218852497,0.30286641827346683,matched
13,slow_control_or_electromechanical,-2.41406940177497,0.0,0.0,16,-3.3333333332333335,0.0,0.0,0.9192639314583633,0.3807943262867524,matched
14,fast_electrical,-2.83203470241153,313.1931716379,49.84624140880018,,,,,,,unmatched_stamp
15,fast_electrical,-2.83203470241153,-313.1931716379,49.84624140880018,,,,,,,unmatched_stamp
16,slow_control_or_electromechanical,-3.33333333301323,0.0,0.0,17,-3.7906800728347463,0.0,0.0,0.4573467398215163,0.13720402195963072,matched
17,slow_control_or_electromechanical,-6.24036277765272,22.0063206929386,3.502414717546642,18,-6.224199748277872,21.21692913828437,3.376779149588425,0.7895570087574392,0.03451764909563564,matched
18,slow_control_or_electromechanical,-6.24036277765272,-22.0063206929386,3.502414717546642,19,-6.224199748277872,-21.21692913828437,3.376779149588425,0.7895570087574392,0.03451764909563564,matched
19,slow_control_or_electromechanical,-9.94679861117219,0.0,0.0,21,-9.999999999899998,0.0,0.0,0.05320138872780866,0.005348594136414218,matched
20,slow_control_or_electromechanical,-10.4597186872478,0.0,0.0,23,-10.459910034620215,0.0,0.0,0.000191347372414441,1.829373983525259e-05,matched
21,slow_control_or_electromechanical,-10.4719058239707,0.0,0.0,22,-9.999999999899998,0.0,0.0,0.47190582407070103,0.045063986632737446,matched
22,slow_control_or_electromechanical,-10.4719624919697,0.0,0.0,24,-10.472053397558874,0.0,0.0,9.090558917357328e-05,8.680855116057104e-06,matched
23,slow_control_or_electromechanical,-10.4731366956841,0.0017627942552359,0.0002805574193747897,20,-7.666739807928085,0.0,0.0,2.8063974413917636,0.26796149837281813,matched
24,slow_control_or_electromechanical,-10.4731366956841,-0.0017627942552359,0.0002805574193747897,25,-10.479255328966694,0.0,0.0,0.006367504757214667,0.0006079844894645854,matched
25,slow_control_or_electromechanical,-13.2522630182751,1.92658940832533,0.30662622764346625,,,,,,,unmatched_stamp
26,slow_control_or_electromechanical,-13.2522630182751,-1.92658940832533,0.30662622764346625,,,,,,,unmatched_stamp
27,slow_control_or_electromechanical,-21.1113958887628,0.0,0.0,26,-22.24159160882388,0.0,0.0,1.1301957200610815,0.0535348645829082,matched
28,fast_electrical,-23.7386486621241,273.260029958742,43.4906845173732,,,,,,,unmatched_stamp
29,fast_electrical,-23.7386486621241,-273.260029958742,43.4906845173732,,,,,,,unmatched_stamp
30,fast_electrical,-26.3979071468244,3214.74975638768,511.6433145325656,2,20.45518006827814,3351.47809326172,533.404305206803,144.53321378121697,0.04495788230441114,matched
31,fast_electrical,-26.3979071468244,-3214.74975638768,511.6433145325656,3,20.45518006827814,-3351.47809326172,533.404305206803,144.53321378121697,0.04495788230441114,matched
32,slow_control_or_electromechanical,-31.55112371888,0.0,0.0,29,-30.488118047421672,0.0,0.0,1.0630056714583276,0.03369153127253694,matched
33,slow_control_or_electromechanical,-40.0881081326546,0.0,0.0,30,-40.21395081847558,0.0,0.0,0.12584268582098446,0.0031391525238497523,matched
34,fast_electrical,-54.6946324001207,314.141891401206,49.99723484873931,,,,,,,unmatched_stamp
35,fast_electrical,-54.6946324001207,-314.141891401206,49.99723484873931,,,,,,,unmatched_stamp
36,fast_electrical,-57.4922414809853,3843.17194103989,611.6598115685726,6,1e-10,0.0,0.0,3843.6019469017388,1.0000000000000004,matched
37,fast_electrical,-57.4922414809853,-3843.17194103989,611.6598115685726,5,1e-10,0.0,0.0,3843.6019469017388,1.0000000000000004,matched
38,slow_control_or_electromechanical,-66.7626886439326,0.0,0.0,31,-66.76592049558894,0.0,0.0,0.0032318516563378807,4.8408051293056955e-05,matched
39,slow_control_or_electromechanical,-100.8069603518,0.0,0.0,34,-100.82673021023979,0.0,0.0,0.019769858439786958,0.00019611600598602863,matched
40,fast_electrical,-103.829634044277,808.753140706172,128.71706008448243,32,-67.96404887962701,509.4976351577975,81.08906712899451,301.39707662851663,0.36963509861946914,matched
41,fast_electrical,-103.829634044277,-808.753140706172,128.71706008448243,33,-67.96404887962701,-509.4976351577975,81.08906712899451,301.39707662851663,0.36963509861946914,matched
42,fast_electrical,-131.492347666384,4680.73617424449,744.9622994400577,7,1e-10,0.0,0.0,4682.582767060908,1.0000000000000007,matched
43,fast_electrical,-131.492347666384,-4680.73617424449,744.9622994400577,,,,,,,unmatched_stamp
44,fast_electrical,-135.243710013601,5307.52102354242,844.718206460932,4,1e-10,0.0,0.0,5309.243851665042,1.0000000000000004,matched
45,fast_electrical,-135.243710013601,-5307.52102354242,844.718206460932,1,2831.748260793156,0.0,0.0,6080.528000936805,1.145271939059624,matched
46,fast_electrical,-155.280311983199,1159.60707398636,184.5571978692584,,,,,,,unmatched_stamp
47,fast_electrical,-155.280311983199,-1159.60707398636,184.5571978692584,,,,,,,unmatched_stamp
48,fast_electrical,-244.350599204497,21.128927579643,3.36277326653086,,,,,,,unmatched_stamp
49,fast_electrical,-244.350599204497,-21.128927579643,3.36277326653086,,,,,,,unmatched_stamp
50,fast_electrical,-316.121288758337,1563.70372499681,248.87117736445205,,,,,,,unmatched_stamp
51,fast_electrical,-316.121288758337,-1563.70372499681,248.87117736445205,,,,,,,unmatched_stamp
52,fast_electrical,-338.203400205629,5373.25665740169,855.1803575269138,,,,,,,unmatched_stamp
53,fast_electrical,-338.203400205629,-5373.25665740169,855.1803575269138,,,,,,,unmatched_stamp
54,fast_electrical,-340.117170205768,4884.14146893584,777.3352575412497,39,-446.0321395165785,5000.9759982346395,795.9300504029685,157.69682292481994,0.0322095189028457,matched
55,fast_electrical,-340.117170205768,-4884.14146893584,777.3352575412497,40,-446.0321395165785,-5000.9759982346395,795.9300504029685,157.69682292481994,0.0322095189028457,matched
56,fast_electrical,-387.273345003322,2211.48844654955,351.9693178589777,35,-213.43108787886436,2105.469489624073,335.0958768028413,203.62011096572022,0.09069365201362864,matched
57,fast_electrical,-387.273345003322,-2211.48844654955,351.9693178589777,36,-213.43108787886436,-2105.469489624073,335.0958768028413,203.62011096572022,0.09069365201362864,matched
58,fast_electrical,-459.207532520521,1967.99920493817,313.21680146682974,,,,,,,unmatched_stamp
59,fast_electrical,-459.207532520521,-1967.99920493817,313.21680146682974,,,,,,,unmatched_stamp
60,fast_electrical,-460.516469812648,2570.22264763755,409.0636392182548,,,,,,,unmatched_stamp
61,fast_electrical,-460.516469812648,-2570.22264763755,409.0636392182548,,,,,,,unmatched_stamp
62,fast_electrical,-507.020912637199,3964.94659640893,631.0408499138674,,,,,,,unmatched_stamp
63,fast_electrical,-507.020912637199,-3964.94659640893,631.0408499138674,,,,,,,unmatched_stamp
64,fast_electrical,-524.509729743222,2251.63248364324,358.35843979810284,,,,,,,unmatched_stamp
65,fast_electrical,-524.509729743222,-2251.63248364324,358.35843979810284,,,,,,,unmatched_stamp
66,fast_electrical,-525.632811546345,4537.54389339325,722.1725401299799,37,-428.86568926688926,4470.260137158167,711.4639977353763,117.86000087964214,0.025801862654113734,matched
67,fast_electrical,-525.632811546345,-4537.54389339325,722.1725401299799,38,-428.86568926688926,-4470.260137158167,711.4639977353763,117.86000087964214,0.025801862654113734,matched
68,fast_electrical,-564.630784361382,2907.22021116732,462.6984672639428,,,,,,,unmatched_stamp
69,fast_electrical,-564.630784361382,-2907.22021116732,462.6984672639428,,,,,,,unmatched_stamp
70,fast_electrical,-1023.13491226893,0.0,0.0,,,,,,,unmatched_stamp
71,fast_electrical,-1590.82066374536,0.0,0.0,41,-2719.2455755634637,0.0,0.0,1128.4249118181037,0.7093350856792295,matched
72,fast_electrical,-10061.5785745588,3.17706761299109,0.5056460151447006,42,-10066.125177768583,2.1512894535080886,0.34238835054727446,4.660882060262912,0.00046323564372787205,matched
73,fast_electrical,-10061.5785745588,-3.17706761299109,0.5056460151447006,43,-10066.125177768583,-2.1512894535080886,0.34238835054727446,4.660882060262912,0.00046323564372787205,matched
74,fast_electrical,-29917.0798051481,0.0,0.0,44,-29710.650075871654,0.0,0.0,206.42972927644587,0.006900062794261212,matched
75,fast_electrical,-69958.9705909083,0.0,0.0,45,-70048.64209493206,0.0,0.0,89.67150402376137,0.0012817727771914195,matched
76,fast_electrical,-98959.8730245187,317.549213846657,50.53952705864079,49,-99999.99999999975,0.0,0.0,1087.5208634035419,0.010989456950545665,matched
77,fast_electrical,-98959.8730245187,-317.549213846657,50.53952705864079,53,-99999.99999999988,0.0,0.0,1087.520863403667,0.010989456950546933,matched
78,fast_electrical,-99103.8374106652,313.852971296014,49.95125178583937,46,-99103.83723869812,313.8508152406624,49.950908638972585,0.0021629025306058847,2.182449984759565e-08,matched
79,fast_electrical,-99103.8374106652,-313.852971296014,49.95125178583937,47,-99103.83723869812,-313.8508152406624,49.950908638972585,0.0021629025306058847,2.182449984759565e-08,matched
80,fast_electrical,-99999.999999997,0.0,0.0,48,-99999.99999999788,0.0,0.0,8.731149137020111e-10,8.731149137020372e-15,matched
81,fast_electrical,-99999.9999999999,0.0,0.0,50,-99999.99999999988,0.0,0.0,1.4551915228366852e-11,1.4551915228366868e-16,matched
82,fast_electrical,-100000.0,0.0,0.0,54,-99999.99999999988,0.0,0.0,1.1641532182693481e-10,1.1641532182693482e-15,matched
83,fast_electrical,-100000.0,0.0,0.0,51,-99999.99999999988,0.0,0.0,1.1641532182693481e-10,1.1641532182693482e-15,matched
84,fast_electrical,-100000.0,0.0,0.0,52,-99999.99999999988,0.0,0.0,1.1641532182693481e-10,1.1641532182693482e-15,matched
85,fast_electrical,-100000.0,0.0,0.0,55,-99999.99999999996,0.0,0.0,4.3655745685100555e-11,4.3655745685100557e-16,matched
86,fast_electrical,-100000.000056766,0.0,0.0,56,-100000.00005677967,0.0,0.0,1.3664248399436474e-08,1.3664248391679827e-13,matched
87,fast_electrical,-1319463.32438621,314.142390956558,49.99731435544293,58,-1322777.5764147937,0.0,0.0,3329.10677971849,0.0025230763325036205,matched
88,fast_electrical,-1319463.32438621,-314.142390956558,49.99731435544293,57,-1316398.5119283367,0.0,0.0,3080.870143925413,0.002334941790095583,matched
